Target Action,Reference Action,Model,Run,Compiles?
Close,Halve,gpt-3.5-turbo-0301,1,Yes
Close,Halve,gpt-3.5-turbo-0301,2,Yes
Close,Halve,gpt-3.5-turbo-0301,3,Yes
Close,Halve,gpt-3.5-turbo-0301,4,Yes
Close,Halve,gpt-3.5-turbo-0301,5,Yes
Close,Halve,gpt-3.5-turbo-0613,1,No
Close,Halve,gpt-3.5-turbo-0613,2,No
Close,Halve,gpt-3.5-turbo-0613,3,No
Close,Halve,gpt-3.5-turbo-0613,4,No
Close,Halve,gpt-3.5-turbo-0613,5,No
Close,Halve,gpt-4-0613,1,No
Close,Halve,gpt-4-0613,2,Yes
Close,Halve,gpt-4-0613,3,Yes
Close,Halve,gpt-4-0613,4,Yes
Close,Halve,gpt-4-0613,5,Yes
Close,Hold,gpt-3.5-turbo-0301,1,No
Close,Hold,gpt-3.5-turbo-0301,2,No
Close,Hold,gpt-3.5-turbo-0301,3,No
Close,Hold,gpt-3.5-turbo-0301,4,No
Close,Hold,gpt-3.5-turbo-0301,5,No
Close,Hold,gpt-3.5-turbo-0613,1,No
Close,Hold,gpt-3.5-turbo-0613,2,No
Close,Hold,gpt-3.5-turbo-0613,3,No
Close,Hold,gpt-3.5-turbo-0613,4,No
Close,Hold,gpt-3.5-turbo-0613,5,No
Close,Hold,gpt-4-0613,1,No
Close,Hold,gpt-4-0613,2,No
Close,Hold,gpt-4-0613,3,No
Close,Hold,gpt-4-0613,4,No
Close,Hold,gpt-4-0613,5,No
Close,Open,gpt-3.5-turbo-0301,1,No
Close,Open,gpt-3.5-turbo-0301,2,No
Close,Open,gpt-3.5-turbo-0301,3,No
Close,Open,gpt-3.5-turbo-0301,4,No
Close,Open,gpt-3.5-turbo-0301,5,No
Close,Open,gpt-3.5-turbo-0613,1,No
Close,Open,gpt-3.5-turbo-0613,2,No
Close,Open,gpt-3.5-turbo-0613,3,No
Close,Open,gpt-3.5-turbo-0613,4,No
Close,Open,gpt-3.5-turbo-0613,5,No
Close,Open,gpt-4-0613,1,No
Close,Open,gpt-4-0613,2,No
Close,Open,gpt-4-0613,3,No
Close,Open,gpt-4-0613,4,No
Close,Open,gpt-4-0613,5,No
Close,Pick-Up,gpt-3.5-turbo-0301,1,No
Close,Pick-Up,gpt-3.5-turbo-0301,2,No
Close,Pick-Up,gpt-3.5-turbo-0301,3,No
Close,Pick-Up,gpt-3.5-turbo-0301,4,No
Close,Pick-Up,gpt-3.5-turbo-0301,5,No
Close,Pick-Up,gpt-3.5-turbo-0613,1,No
Close,Pick-Up,gpt-3.5-turbo-0613,2,No
Close,Pick-Up,gpt-3.5-turbo-0613,3,No
Close,Pick-Up,gpt-3.5-turbo-0613,4,No
Close,Pick-Up,gpt-3.5-turbo-0613,5,No
Close,Pick-Up,gpt-4-0613,1,No
Close,Pick-Up,gpt-4-0613,2,No
Close,Pick-Up,gpt-4-0613,3,No
Close,Pick-Up,gpt-4-0613,4,No
Close,Pick-Up,gpt-4-0613,5,No
Close,Place-Down,gpt-3.5-turbo-0301,1,No
Close,Place-Down,gpt-3.5-turbo-0301,2,No
Close,Place-Down,gpt-3.5-turbo-0301,3,No
Close,Place-Down,gpt-3.5-turbo-0301,4,No
Close,Place-Down,gpt-3.5-turbo-0301,5,No
Close,Place-Down,gpt-3.5-turbo-0613,1,No
Close,Place-Down,gpt-3.5-turbo-0613,2,No
Close,Place-Down,gpt-3.5-turbo-0613,3,No
Close,Place-Down,gpt-3.5-turbo-0613,4,Yes
Close,Place-Down,gpt-3.5-turbo-0613,5,No
Close,Place-Down,gpt-4-0613,1,No
Close,Place-Down,gpt-4-0613,2,No
Close,Place-Down,gpt-4-0613,3,No
Close,Place-Down,gpt-4-0613,4,No
Close,Place-Down,gpt-4-0613,5,No
Close,Pour,gpt-3.5-turbo-0301,1,Yes
Close,Pour,gpt-3.5-turbo-0301,2,Yes
Close,Pour,gpt-3.5-turbo-0301,3,Yes
Close,Pour,gpt-3.5-turbo-0301,4,Yes
Close,Pour,gpt-3.5-turbo-0301,5,Yes
Close,Pour,gpt-3.5-turbo-0613,1,No
Close,Pour,gpt-3.5-turbo-0613,2,No
Close,Pour,gpt-3.5-turbo-0613,3,No
Close,Pour,gpt-3.5-turbo-0613,4,No
Close,Pour,gpt-3.5-turbo-0613,5,No
Close,Pour,gpt-4-0613,1,Yes
Close,Pour,gpt-4-0613,2,Yes
Close,Pour,gpt-4-0613,3,Yes
Close,Pour,gpt-4-0613,4,Yes
Close,Pour,gpt-4-0613,5,Yes
Close,Slice,gpt-3.5-turbo-0301,1,Yes
Close,Slice,gpt-3.5-turbo-0301,2,Yes
Close,Slice,gpt-3.5-turbo-0301,3,Yes
Close,Slice,gpt-3.5-turbo-0301,4,Yes
Close,Slice,gpt-3.5-turbo-0301,5,Yes
Close,Slice,gpt-3.5-turbo-0613,1,No
Close,Slice,gpt-3.5-turbo-0613,2,No
Close,Slice,gpt-3.5-turbo-0613,3,No
Close,Slice,gpt-3.5-turbo-0613,4,No
Close,Slice,gpt-3.5-turbo-0613,5,No
Close,Slice,gpt-4-0613,1,No
Close,Slice,gpt-4-0613,2,Yes
Close,Slice,gpt-4-0613,3,Yes
Close,Slice,gpt-4-0613,4,Yes
Close,Slice,gpt-4-0613,5,Yes
Close,Wipe,gpt-3.5-turbo-0301,1,Yes
Close,Wipe,gpt-3.5-turbo-0301,2,Yes
Close,Wipe,gpt-3.5-turbo-0301,3,Yes
Close,Wipe,gpt-3.5-turbo-0301,4,Yes
Close,Wipe,gpt-3.5-turbo-0301,5,Yes
Close,Wipe,gpt-3.5-turbo-0613,1,Yes
Close,Wipe,gpt-3.5-turbo-0613,2,Yes
Close,Wipe,gpt-3.5-turbo-0613,3,Yes
Close,Wipe,gpt-3.5-turbo-0613,4,Yes
Close,Wipe,gpt-3.5-turbo-0613,5,Yes
Close,Wipe,gpt-4-0613,1,Yes
Close,Wipe,gpt-4-0613,2,Yes
Close,Wipe,gpt-4-0613,3,Yes
Close,Wipe,gpt-4-0613,4,Yes
Close,Wipe,gpt-4-0613,5,Yes
Halve,Close,gpt-3.5-turbo-0301,1,No
Halve,Close,gpt-3.5-turbo-0301,2,No
Halve,Close,gpt-3.5-turbo-0301,3,No
Halve,Close,gpt-3.5-turbo-0301,4,No
Halve,Close,gpt-3.5-turbo-0301,5,No
Halve,Close,gpt-3.5-turbo-0613,1,No
Halve,Close,gpt-3.5-turbo-0613,2,No
Halve,Close,gpt-3.5-turbo-0613,3,No
Halve,Close,gpt-3.5-turbo-0613,4,No
Halve,Close,gpt-3.5-turbo-0613,5,No
Halve,Close,gpt-4-0613,1,No
Halve,Close,gpt-4-0613,2,No
Halve,Close,gpt-4-0613,3,No
Halve,Close,gpt-4-0613,4,No
Halve,Close,gpt-4-0613,5,No
Halve,Hold,gpt-3.5-turbo-0301,1,No
Halve,Hold,gpt-3.5-turbo-0301,2,No
Halve,Hold,gpt-3.5-turbo-0301,3,No
Halve,Hold,gpt-3.5-turbo-0301,4,No
Halve,Hold,gpt-3.5-turbo-0301,5,No
Halve,Hold,gpt-3.5-turbo-0613,1,No
Halve,Hold,gpt-3.5-turbo-0613,2,No
Halve,Hold,gpt-3.5-turbo-0613,3,No
Halve,Hold,gpt-3.5-turbo-0613,4,No
Halve,Hold,gpt-3.5-turbo-0613,5,No
Halve,Hold,gpt-4-0613,1,No
Halve,Hold,gpt-4-0613,2,No
Halve,Hold,gpt-4-0613,3,No
Halve,Hold,gpt-4-0613,4,No
Halve,Hold,gpt-4-0613,5,No
Halve,Open,gpt-3.5-turbo-0301,1,No
Halve,Open,gpt-3.5-turbo-0301,2,No
Halve,Open,gpt-3.5-turbo-0301,3,No
Halve,Open,gpt-3.5-turbo-0301,4,No
Halve,Open,gpt-3.5-turbo-0301,5,No
Halve,Open,gpt-3.5-turbo-0613,1,No
Halve,Open,gpt-3.5-turbo-0613,2,No
Halve,Open,gpt-3.5-turbo-0613,3,No
Halve,Open,gpt-3.5-turbo-0613,4,No
Halve,Open,gpt-3.5-turbo-0613,5,No
Halve,Open,gpt-4-0613,1,No
Halve,Open,gpt-4-0613,2,No
Halve,Open,gpt-4-0613,3,No
Halve,Open,gpt-4-0613,4,No
Halve,Open,gpt-4-0613,5,No
Halve,Pick-Up,gpt-3.5-turbo-0301,1,No
Halve,Pick-Up,gpt-3.5-turbo-0301,2,No
Halve,Pick-Up,gpt-3.5-turbo-0301,3,No
Halve,Pick-Up,gpt-3.5-turbo-0301,4,No
Halve,Pick-Up,gpt-3.5-turbo-0301,5,No
Halve,Pick-Up,gpt-3.5-turbo-0613,1,No
Halve,Pick-Up,gpt-3.5-turbo-0613,2,No
Halve,Pick-Up,gpt-3.5-turbo-0613,3,No
Halve,Pick-Up,gpt-3.5-turbo-0613,4,No
Halve,Pick-Up,gpt-3.5-turbo-0613,5,No
Halve,Pick-Up,gpt-4-0613,1,No
Halve,Pick-Up,gpt-4-0613,2,No
Halve,Pick-Up,gpt-4-0613,3,No
Halve,Pick-Up,gpt-4-0613,4,No
Halve,Pick-Up,gpt-4-0613,5,No
Halve,Place-Down,gpt-3.5-turbo-0301,1,No
Halve,Place-Down,gpt-3.5-turbo-0301,2,No
Halve,Place-Down,gpt-3.5-turbo-0301,3,No
Halve,Place-Down,gpt-3.5-turbo-0301,4,No
Halve,Place-Down,gpt-3.5-turbo-0301,5,No
Halve,Place-Down,gpt-3.5-turbo-0613,1,No
Halve,Place-Down,gpt-3.5-turbo-0613,2,No
Halve,Place-Down,gpt-3.5-turbo-0613,3,No
Halve,Place-Down,gpt-3.5-turbo-0613,4,No
Halve,Place-Down,gpt-3.5-turbo-0613,5,No
Halve,Place-Down,gpt-4-0613,1,No
Halve,Place-Down,gpt-4-0613,2,No
Halve,Place-Down,gpt-4-0613,3,No
Halve,Place-Down,gpt-4-0613,4,No
Halve,Place-Down,gpt-4-0613,5,No
Halve,Pour,gpt-3.5-turbo-0301,1,Yes
Halve,Pour,gpt-3.5-turbo-0301,2,Yes
Halve,Pour,gpt-3.5-turbo-0301,3,Yes
Halve,Pour,gpt-3.5-turbo-0301,4,Yes
Halve,Pour,gpt-3.5-turbo-0301,5,Yes
Halve,Pour,gpt-3.5-turbo-0613,1,Yes
Halve,Pour,gpt-3.5-turbo-0613,2,Yes
Halve,Pour,gpt-3.5-turbo-0613,3,Yes
Halve,Pour,gpt-3.5-turbo-0613,4,Yes
Halve,Pour,gpt-3.5-turbo-0613,5,Yes
Halve,Pour,gpt-4-0613,1,Yes
Halve,Pour,gpt-4-0613,2,Yes
Halve,Pour,gpt-4-0613,3,Yes
Halve,Pour,gpt-4-0613,4,Yes
Halve,Pour,gpt-4-0613,5,Yes
Halve,Slice,gpt-3.5-turbo-0301,1,Yes
Halve,Slice,gpt-3.5-turbo-0301,2,Yes
Halve,Slice,gpt-3.5-turbo-0301,3,Yes
Halve,Slice,gpt-3.5-turbo-0301,4,Yes
Halve,Slice,gpt-3.5-turbo-0301,5,Yes
Halve,Slice,gpt-3.5-turbo-0613,1,No
Halve,Slice,gpt-3.5-turbo-0613,2,No
Halve,Slice,gpt-3.5-turbo-0613,3,No
Halve,Slice,gpt-3.5-turbo-0613,4,No
Halve,Slice,gpt-3.5-turbo-0613,5,No
Halve,Slice,gpt-4-0613,1,Yes
Halve,Slice,gpt-4-0613,2,Yes
Halve,Slice,gpt-4-0613,3,Yes
Halve,Slice,gpt-4-0613,4,Yes
Halve,Slice,gpt-4-0613,5,Yes
Halve,Wipe,gpt-3.5-turbo-0301,1,Yes
Halve,Wipe,gpt-3.5-turbo-0301,2,Yes
Halve,Wipe,gpt-3.5-turbo-0301,3,Yes
Halve,Wipe,gpt-3.5-turbo-0301,4,Yes
Halve,Wipe,gpt-3.5-turbo-0301,5,Yes
Halve,Wipe,gpt-3.5-turbo-0613,1,Yes
Halve,Wipe,gpt-3.5-turbo-0613,2,Yes
Halve,Wipe,gpt-3.5-turbo-0613,3,Yes
Halve,Wipe,gpt-3.5-turbo-0613,4,Yes
Halve,Wipe,gpt-3.5-turbo-0613,5,Yes
Halve,Wipe,gpt-4-0613,1,Yes
Halve,Wipe,gpt-4-0613,2,Yes
Halve,Wipe,gpt-4-0613,3,Yes
Halve,Wipe,gpt-4-0613,4,Yes
Halve,Wipe,gpt-4-0613,5,Yes
Hold,Close,gpt-3.5-turbo-0301,1,No
Hold,Close,gpt-3.5-turbo-0301,2,No
Hold,Close,gpt-3.5-turbo-0301,3,No
Hold,Close,gpt-3.5-turbo-0301,4,No
Hold,Close,gpt-3.5-turbo-0301,5,No
Hold,Close,gpt-3.5-turbo-0613,1,No
Hold,Close,gpt-3.5-turbo-0613,2,No
Hold,Close,gpt-3.5-turbo-0613,3,No
Hold,Close,gpt-3.5-turbo-0613,4,No
Hold,Close,gpt-3.5-turbo-0613,5,No
Hold,Close,gpt-4-0613,1,No
Hold,Close,gpt-4-0613,2,Yes
Hold,Close,gpt-4-0613,3,Yes
Hold,Close,gpt-4-0613,4,Yes
Hold,Close,gpt-4-0613,5,Yes
Hold,Halve,gpt-3.5-turbo-0301,1,Yes
Hold,Halve,gpt-3.5-turbo-0301,2,Yes
Hold,Halve,gpt-3.5-turbo-0301,3,Yes
Hold,Halve,gpt-3.5-turbo-0301,4,Yes
Hold,Halve,gpt-3.5-turbo-0301,5,Yes
Hold,Halve,gpt-3.5-turbo-0613,1,No
Hold,Halve,gpt-3.5-turbo-0613,2,No
Hold,Halve,gpt-3.5-turbo-0613,3,No
Hold,Halve,gpt-3.5-turbo-0613,4,No
Hold,Halve,gpt-3.5-turbo-0613,5,No
Hold,Halve,gpt-4-0613,1,No
Hold,Halve,gpt-4-0613,2,Yes
Hold,Halve,gpt-4-0613,3,Yes
Hold,Halve,gpt-4-0613,4,Yes
Hold,Halve,gpt-4-0613,5,Yes
Hold,Open,gpt-3.5-turbo-0301,1,No
Hold,Open,gpt-3.5-turbo-0301,2,No
Hold,Open,gpt-3.5-turbo-0301,3,No
Hold,Open,gpt-3.5-turbo-0301,4,No
Hold,Open,gpt-3.5-turbo-0301,5,No
Hold,Open,gpt-3.5-turbo-0613,1,No
Hold,Open,gpt-3.5-turbo-0613,2,No
Hold,Open,gpt-3.5-turbo-0613,3,No
Hold,Open,gpt-3.5-turbo-0613,4,No
Hold,Open,gpt-3.5-turbo-0613,5,No
Hold,Open,gpt-4-0613,1,No
Hold,Open,gpt-4-0613,2,Yes
Hold,Open,gpt-4-0613,3,Yes
Hold,Open,gpt-4-0613,4,Yes
Hold,Open,gpt-4-0613,5,Yes
Hold,Pick-Up,gpt-3.5-turbo-0301,1,No
Hold,Pick-Up,gpt-3.5-turbo-0301,2,No
Hold,Pick-Up,gpt-3.5-turbo-0301,3,No
Hold,Pick-Up,gpt-3.5-turbo-0301,4,No
Hold,Pick-Up,gpt-3.5-turbo-0301,5,No
Hold,Pick-Up,gpt-3.5-turbo-0613,1,No
Hold,Pick-Up,gpt-3.5-turbo-0613,2,Yes
Hold,Pick-Up,gpt-3.5-turbo-0613,3,Yes
Hold,Pick-Up,gpt-3.5-turbo-0613,4,Yes
Hold,Pick-Up,gpt-3.5-turbo-0613,5,Yes
Hold,Pick-Up,gpt-4-0613,1,No
Hold,Pick-Up,gpt-4-0613,2,No
Hold,Pick-Up,gpt-4-0613,3,No
Hold,Pick-Up,gpt-4-0613,4,No
Hold,Pick-Up,gpt-4-0613,5,No
Hold,Place-Down,gpt-3.5-turbo-0301,1,Yes
Hold,Place-Down,gpt-3.5-turbo-0301,2,Yes
Hold,Place-Down,gpt-3.5-turbo-0301,3,Yes
Hold,Place-Down,gpt-3.5-turbo-0301,4,Yes
Hold,Place-Down,gpt-3.5-turbo-0301,5,Yes
Hold,Place-Down,gpt-3.5-turbo-0613,1,No
Hold,Place-Down,gpt-3.5-turbo-0613,2,No
Hold,Place-Down,gpt-3.5-turbo-0613,3,No
Hold,Place-Down,gpt-3.5-turbo-0613,4,No
Hold,Place-Down,gpt-3.5-turbo-0613,5,No
Hold,Place-Down,gpt-4-0613,1,No
Hold,Place-Down,gpt-4-0613,2,Yes
Hold,Place-Down,gpt-4-0613,3,Yes
Hold,Place-Down,gpt-4-0613,4,Yes
Hold,Place-Down,gpt-4-0613,5,Yes
Hold,Pour,gpt-3.5-turbo-0301,1,Yes
Hold,Pour,gpt-3.5-turbo-0301,2,Yes
Hold,Pour,gpt-3.5-turbo-0301,3,Yes
Hold,Pour,gpt-3.5-turbo-0301,4,Yes
Hold,Pour,gpt-3.5-turbo-0301,5,Yes
Hold,Pour,gpt-3.5-turbo-0613,1,No
Hold,Pour,gpt-3.5-turbo-0613,2,No
Hold,Pour,gpt-3.5-turbo-0613,3,No
Hold,Pour,gpt-3.5-turbo-0613,4,No
Hold,Pour,gpt-3.5-turbo-0613,5,No
Hold,Pour,gpt-4-0613,1,Yes
Hold,Pour,gpt-4-0613,2,Yes
Hold,Pour,gpt-4-0613,3,Yes
Hold,Pour,gpt-4-0613,4,Yes
Hold,Pour,gpt-4-0613,5,Yes
Hold,Slice,gpt-3.5-turbo-0301,1,Yes
Hold,Slice,gpt-3.5-turbo-0301,2,Yes
Hold,Slice,gpt-3.5-turbo-0301,3,Yes
Hold,Slice,gpt-3.5-turbo-0301,4,Yes
Hold,Slice,gpt-3.5-turbo-0301,5,Yes
Hold,Slice,gpt-3.5-turbo-0613,1,No
Hold,Slice,gpt-3.5-turbo-0613,2,No
Hold,Slice,gpt-3.5-turbo-0613,3,No
Hold,Slice,gpt-3.5-turbo-0613,4,No
Hold,Slice,gpt-3.5-turbo-0613,5,No
Hold,Slice,gpt-4-0613,1,No
Hold,Slice,gpt-4-0613,2,Yes
Hold,Slice,gpt-4-0613,3,Yes
Hold,Slice,gpt-4-0613,4,Yes
Hold,Slice,gpt-4-0613,5,Yes
Hold,Wipe,gpt-3.5-turbo-0301,1,No
Hold,Wipe,gpt-3.5-turbo-0301,2,Yes
Hold,Wipe,gpt-3.5-turbo-0301,3,Yes
Hold,Wipe,gpt-3.5-turbo-0301,4,No
Hold,Wipe,gpt-3.5-turbo-0301,5,No
Hold,Wipe,gpt-3.5-turbo-0613,1,Yes
Hold,Wipe,gpt-3.5-turbo-0613,2,Yes
Hold,Wipe,gpt-3.5-turbo-0613,3,Yes
Hold,Wipe,gpt-3.5-turbo-0613,4,Yes
Hold,Wipe,gpt-3.5-turbo-0613,5,Yes
Hold,Wipe,gpt-4-0613,1,Yes
Hold,Wipe,gpt-4-0613,2,No
Hold,Wipe,gpt-4-0613,3,No
Hold,Wipe,gpt-4-0613,4,No
Hold,Wipe,gpt-4-0613,5,No
Open,Close,gpt-3.5-turbo-0301,1,No
Open,Close,gpt-3.5-turbo-0301,2,No
Open,Close,gpt-3.5-turbo-0301,3,No
Open,Close,gpt-3.5-turbo-0301,4,No
Open,Close,gpt-3.5-turbo-0301,5,No
Open,Close,gpt-3.5-turbo-0613,1,No
Open,Close,gpt-3.5-turbo-0613,2,No
Open,Close,gpt-3.5-turbo-0613,3,No
Open,Close,gpt-3.5-turbo-0613,4,No
Open,Close,gpt-3.5-turbo-0613,5,No
Open,Close,gpt-4-0613,1,No
Open,Close,gpt-4-0613,2,No
Open,Close,gpt-4-0613,3,No
Open,Close,gpt-4-0613,4,No
Open,Close,gpt-4-0613,5,No
Open,Halve,gpt-3.5-turbo-0301,1,Yes
Open,Halve,gpt-3.5-turbo-0301,2,Yes
Open,Halve,gpt-3.5-turbo-0301,3,Yes
Open,Halve,gpt-3.5-turbo-0301,4,Yes
Open,Halve,gpt-3.5-turbo-0301,5,Yes
Open,Halve,gpt-3.5-turbo-0613,1,No
Open,Halve,gpt-3.5-turbo-0613,2,No
Open,Halve,gpt-3.5-turbo-0613,3,No
Open,Halve,gpt-3.5-turbo-0613,4,No
Open,Halve,gpt-3.5-turbo-0613,5,No
Open,Halve,gpt-4-0613,1,Yes
Open,Halve,gpt-4-0613,2,No
Open,Halve,gpt-4-0613,3,No
Open,Halve,gpt-4-0613,4,No
Open,Halve,gpt-4-0613,5,No
Open,Hold,gpt-3.5-turbo-0301,1,No
Open,Hold,gpt-3.5-turbo-0301,2,No
Open,Hold,gpt-3.5-turbo-0301,3,No
Open,Hold,gpt-3.5-turbo-0301,4,No
Open,Hold,gpt-3.5-turbo-0301,5,No
Open,Hold,gpt-3.5-turbo-0613,1,No
Open,Hold,gpt-3.5-turbo-0613,2,No
Open,Hold,gpt-3.5-turbo-0613,3,No
Open,Hold,gpt-3.5-turbo-0613,4,No
Open,Hold,gpt-3.5-turbo-0613,5,No
Open,Hold,gpt-4-0613,1,No
Open,Hold,gpt-4-0613,2,No
Open,Hold,gpt-4-0613,3,No
Open,Hold,gpt-4-0613,4,No
Open,Hold,gpt-4-0613,5,No
Open,Pick-Up,gpt-3.5-turbo-0301,1,No
Open,Pick-Up,gpt-3.5-turbo-0301,2,No
Open,Pick-Up,gpt-3.5-turbo-0301,3,No
Open,Pick-Up,gpt-3.5-turbo-0301,4,No
Open,Pick-Up,gpt-3.5-turbo-0301,5,No
Open,Pick-Up,gpt-3.5-turbo-0613,1,No
Open,Pick-Up,gpt-3.5-turbo-0613,2,No
Open,Pick-Up,gpt-3.5-turbo-0613,3,No
Open,Pick-Up,gpt-3.5-turbo-0613,4,No
Open,Pick-Up,gpt-3.5-turbo-0613,5,No
Open,Pick-Up,gpt-4-0613,1,No
Open,Pick-Up,gpt-4-0613,2,No
Open,Pick-Up,gpt-4-0613,3,No
Open,Pick-Up,gpt-4-0613,4,No
Open,Pick-Up,gpt-4-0613,5,No
Open,Place-Down,gpt-3.5-turbo-0301,1,No
Open,Place-Down,gpt-3.5-turbo-0301,2,No
Open,Place-Down,gpt-3.5-turbo-0301,3,No
Open,Place-Down,gpt-3.5-turbo-0301,4,No
Open,Place-Down,gpt-3.5-turbo-0301,5,No
Open,Place-Down,gpt-3.5-turbo-0613,1,No
Open,Place-Down,gpt-3.5-turbo-0613,2,No
Open,Place-Down,gpt-3.5-turbo-0613,3,No
Open,Place-Down,gpt-3.5-turbo-0613,4,No
Open,Place-Down,gpt-3.5-turbo-0613,5,No
Open,Place-Down,gpt-4-0613,1,No
Open,Place-Down,gpt-4-0613,2,No
Open,Place-Down,gpt-4-0613,3,No
Open,Place-Down,gpt-4-0613,4,No
Open,Place-Down,gpt-4-0613,5,No
Open,Pour,gpt-3.5-turbo-0301,1,Yes
Open,Pour,gpt-3.5-turbo-0301,2,Yes
Open,Pour,gpt-3.5-turbo-0301,3,Yes
Open,Pour,gpt-3.5-turbo-0301,4,Yes
Open,Pour,gpt-3.5-turbo-0301,5,Yes
Open,Pour,gpt-3.5-turbo-0613,1,Yes
Open,Pour,gpt-3.5-turbo-0613,2,Yes
Open,Pour,gpt-3.5-turbo-0613,3,Yes
Open,Pour,gpt-3.5-turbo-0613,4,Yes
Open,Pour,gpt-3.5-turbo-0613,5,Yes
Open,Pour,gpt-4-0613,1,Yes
Open,Pour,gpt-4-0613,2,Yes
Open,Pour,gpt-4-0613,3,Yes
Open,Pour,gpt-4-0613,4,Yes
Open,Pour,gpt-4-0613,5,Yes
Open,Slice,gpt-3.5-turbo-0301,1,Yes
Open,Slice,gpt-3.5-turbo-0301,2,Yes
Open,Slice,gpt-3.5-turbo-0301,3,Yes
Open,Slice,gpt-3.5-turbo-0301,4,Yes
Open,Slice,gpt-3.5-turbo-0301,5,Yes
Open,Slice,gpt-3.5-turbo-0613,1,No
Open,Slice,gpt-3.5-turbo-0613,2,No
Open,Slice,gpt-3.5-turbo-0613,3,No
Open,Slice,gpt-3.5-turbo-0613,4,No
Open,Slice,gpt-3.5-turbo-0613,5,No
Open,Slice,gpt-4-0613,1,No
Open,Slice,gpt-4-0613,2,Yes
Open,Slice,gpt-4-0613,3,Yes
Open,Slice,gpt-4-0613,4,Yes
Open,Slice,gpt-4-0613,5,Yes
Open,Wipe,gpt-3.5-turbo-0301,1,Yes
Open,Wipe,gpt-3.5-turbo-0301,2,Yes
Open,Wipe,gpt-3.5-turbo-0301,3,Yes
Open,Wipe,gpt-3.5-turbo-0301,4,Yes
Open,Wipe,gpt-3.5-turbo-0301,5,Yes
Open,Wipe,gpt-3.5-turbo-0613,1,Yes
Open,Wipe,gpt-3.5-turbo-0613,2,Yes
Open,Wipe,gpt-3.5-turbo-0613,3,Yes
Open,Wipe,gpt-3.5-turbo-0613,4,Yes
Open,Wipe,gpt-3.5-turbo-0613,5,Yes
Open,Wipe,gpt-4-0613,1,Yes
Open,Wipe,gpt-4-0613,2,No
Open,Wipe,gpt-4-0613,3,No
Open,Wipe,gpt-4-0613,4,Yes
Open,Wipe,gpt-4-0613,5,Yes
Pick-Up,Close,gpt-3.5-turbo-0301,1,No
Pick-Up,Close,gpt-3.5-turbo-0301,2,No
Pick-Up,Close,gpt-3.5-turbo-0301,3,No
Pick-Up,Close,gpt-3.5-turbo-0301,4,No
Pick-Up,Close,gpt-3.5-turbo-0301,5,No
Pick-Up,Close,gpt-3.5-turbo-0613,1,No
Pick-Up,Close,gpt-3.5-turbo-0613,2,No
Pick-Up,Close,gpt-3.5-turbo-0613,3,No
Pick-Up,Close,gpt-3.5-turbo-0613,4,No
Pick-Up,Close,gpt-3.5-turbo-0613,5,No
Pick-Up,Close,gpt-4-0613,1,No
Pick-Up,Close,gpt-4-0613,2,No
Pick-Up,Close,gpt-4-0613,3,No
Pick-Up,Close,gpt-4-0613,4,No
Pick-Up,Close,gpt-4-0613,5,No
Pick-Up,Halve,gpt-3.5-turbo-0301,1,No
Pick-Up,Halve,gpt-3.5-turbo-0301,2,Yes
Pick-Up,Halve,gpt-3.5-turbo-0301,3,Yes
Pick-Up,Halve,gpt-3.5-turbo-0301,4,Yes
Pick-Up,Halve,gpt-3.5-turbo-0301,5,Yes
Pick-Up,Halve,gpt-3.5-turbo-0613,1,No
Pick-Up,Halve,gpt-3.5-turbo-0613,2,No
Pick-Up,Halve,gpt-3.5-turbo-0613,3,No
Pick-Up,Halve,gpt-3.5-turbo-0613,4,No
Pick-Up,Halve,gpt-3.5-turbo-0613,5,No
Pick-Up,Halve,gpt-4-0613,1,No
Pick-Up,Halve,gpt-4-0613,2,Yes
Pick-Up,Halve,gpt-4-0613,3,Yes
Pick-Up,Halve,gpt-4-0613,4,Yes
Pick-Up,Halve,gpt-4-0613,5,Yes
Pick-Up,Hold,gpt-3.5-turbo-0301,1,Yes
Pick-Up,Hold,gpt-3.5-turbo-0301,2,Yes
Pick-Up,Hold,gpt-3.5-turbo-0301,3,Yes
Pick-Up,Hold,gpt-3.5-turbo-0301,4,Yes
Pick-Up,Hold,gpt-3.5-turbo-0301,5,Yes
Pick-Up,Hold,gpt-3.5-turbo-0613,1,Yes
Pick-Up,Hold,gpt-3.5-turbo-0613,2,Yes
Pick-Up,Hold,gpt-3.5-turbo-0613,3,Yes
Pick-Up,Hold,gpt-3.5-turbo-0613,4,Yes
Pick-Up,Hold,gpt-3.5-turbo-0613,5,Yes
Pick-Up,Hold,gpt-4-0613,1,No
Pick-Up,Hold,gpt-4-0613,2,Yes
Pick-Up,Hold,gpt-4-0613,3,Yes
Pick-Up,Hold,gpt-4-0613,4,Yes
Pick-Up,Hold,gpt-4-0613,5,Yes
Pick-Up,Open,gpt-3.5-turbo-0301,1,No
Pick-Up,Open,gpt-3.5-turbo-0301,2,No
Pick-Up,Open,gpt-3.5-turbo-0301,3,No
Pick-Up,Open,gpt-3.5-turbo-0301,4,No
Pick-Up,Open,gpt-3.5-turbo-0301,5,No
Pick-Up,Open,gpt-3.5-turbo-0613,1,No
Pick-Up,Open,gpt-3.5-turbo-0613,2,No
Pick-Up,Open,gpt-3.5-turbo-0613,3,No
Pick-Up,Open,gpt-3.5-turbo-0613,4,No
Pick-Up,Open,gpt-3.5-turbo-0613,5,No
Pick-Up,Open,gpt-4-0613,1,No
Pick-Up,Open,gpt-4-0613,2,No
Pick-Up,Open,gpt-4-0613,3,No
Pick-Up,Open,gpt-4-0613,4,No
Pick-Up,Open,gpt-4-0613,5,No
Pick-Up,Place-Down,gpt-3.5-turbo-0301,1,No
Pick-Up,Place-Down,gpt-3.5-turbo-0301,2,No
Pick-Up,Place-Down,gpt-3.5-turbo-0301,3,No
Pick-Up,Place-Down,gpt-3.5-turbo-0301,4,No
Pick-Up,Place-Down,gpt-3.5-turbo-0301,5,No
Pick-Up,Place-Down,gpt-3.5-turbo-0613,1,No
Pick-Up,Place-Down,gpt-3.5-turbo-0613,2,No
Pick-Up,Place-Down,gpt-3.5-turbo-0613,3,No
Pick-Up,Place-Down,gpt-3.5-turbo-0613,4,No
Pick-Up,Place-Down,gpt-3.5-turbo-0613,5,No
Pick-Up,Place-Down,gpt-4-0613,1,No
Pick-Up,Place-Down,gpt-4-0613,2,No
Pick-Up,Place-Down,gpt-4-0613,3,No
Pick-Up,Place-Down,gpt-4-0613,4,No
Pick-Up,Place-Down,gpt-4-0613,5,No
Pick-Up,Pour,gpt-3.5-turbo-0301,1,Yes
Pick-Up,Pour,gpt-3.5-turbo-0301,2,Yes
Pick-Up,Pour,gpt-3.5-turbo-0301,3,Yes
Pick-Up,Pour,gpt-3.5-turbo-0301,4,Yes
Pick-Up,Pour,gpt-3.5-turbo-0301,5,Yes
Pick-Up,Pour,gpt-3.5-turbo-0613,1,Yes
Pick-Up,Pour,gpt-3.5-turbo-0613,2,Yes
Pick-Up,Pour,gpt-3.5-turbo-0613,3,Yes
Pick-Up,Pour,gpt-3.5-turbo-0613,4,Yes
Pick-Up,Pour,gpt-3.5-turbo-0613,5,Yes
Pick-Up,Pour,gpt-4-0613,1,Yes
Pick-Up,Pour,gpt-4-0613,2,Yes
Pick-Up,Pour,gpt-4-0613,3,Yes
Pick-Up,Pour,gpt-4-0613,4,Yes
Pick-Up,Pour,gpt-4-0613,5,Yes
Pick-Up,Slice,gpt-3.5-turbo-0301,1,Yes
Pick-Up,Slice,gpt-3.5-turbo-0301,2,Yes
Pick-Up,Slice,gpt-3.5-turbo-0301,3,Yes
Pick-Up,Slice,gpt-3.5-turbo-0301,4,Yes
Pick-Up,Slice,gpt-3.5-turbo-0301,5,Yes
Pick-Up,Slice,gpt-3.5-turbo-0613,1,No
Pick-Up,Slice,gpt-3.5-turbo-0613,2,No
Pick-Up,Slice,gpt-3.5-turbo-0613,3,No
Pick-Up,Slice,gpt-3.5-turbo-0613,4,No
Pick-Up,Slice,gpt-3.5-turbo-0613,5,No
Pick-Up,Slice,gpt-4-0613,1,No
Pick-Up,Slice,gpt-4-0613,2,Yes
Pick-Up,Slice,gpt-4-0613,3,Yes
Pick-Up,Slice,gpt-4-0613,4,Yes
Pick-Up,Slice,gpt-4-0613,5,Yes
Pick-Up,Wipe,gpt-3.5-turbo-0301,1,Yes
Pick-Up,Wipe,gpt-3.5-turbo-0301,2,Yes
Pick-Up,Wipe,gpt-3.5-turbo-0301,3,Yes
Pick-Up,Wipe,gpt-3.5-turbo-0301,4,Yes
Pick-Up,Wipe,gpt-3.5-turbo-0301,5,Yes
Pick-Up,Wipe,gpt-3.5-turbo-0613,1,Yes
Pick-Up,Wipe,gpt-3.5-turbo-0613,2,Yes
Pick-Up,Wipe,gpt-3.5-turbo-0613,3,Yes
Pick-Up,Wipe,gpt-3.5-turbo-0613,4,Yes
Pick-Up,Wipe,gpt-3.5-turbo-0613,5,Yes
Pick-Up,Wipe,gpt-4-0613,1,Yes
Pick-Up,Wipe,gpt-4-0613,2,Yes
Pick-Up,Wipe,gpt-4-0613,3,Yes
Pick-Up,Wipe,gpt-4-0613,4,Yes
Pick-Up,Wipe,gpt-4-0613,5,Yes
Place-Down,Close,gpt-3.5-turbo-0301,1,No
Place-Down,Close,gpt-3.5-turbo-0301,2,No
Place-Down,Close,gpt-3.5-turbo-0301,3,No
Place-Down,Close,gpt-3.5-turbo-0301,4,No
Place-Down,Close,gpt-3.5-turbo-0301,5,No
Place-Down,Close,gpt-3.5-turbo-0613,1,No
Place-Down,Close,gpt-3.5-turbo-0613,2,No
Place-Down,Close,gpt-3.5-turbo-0613,3,No
Place-Down,Close,gpt-3.5-turbo-0613,4,No
Place-Down,Close,gpt-3.5-turbo-0613,5,No
Place-Down,Close,gpt-4-0613,1,No
Place-Down,Close,gpt-4-0613,2,Yes
Place-Down,Close,gpt-4-0613,3,Yes
Place-Down,Close,gpt-4-0613,4,Yes
Place-Down,Close,gpt-4-0613,5,Yes
Place-Down,Halve,gpt-3.5-turbo-0301,1,No
Place-Down,Halve,gpt-3.5-turbo-0301,2,No
Place-Down,Halve,gpt-3.5-turbo-0301,3,No
Place-Down,Halve,gpt-3.5-turbo-0301,4,No
Place-Down,Halve,gpt-3.5-turbo-0301,5,No
Place-Down,Halve,gpt-3.5-turbo-0613,1,Yes
Place-Down,Halve,gpt-3.5-turbo-0613,2,Yes
Place-Down,Halve,gpt-3.5-turbo-0613,3,Yes
Place-Down,Halve,gpt-3.5-turbo-0613,4,Yes
Place-Down,Halve,gpt-3.5-turbo-0613,5,Yes
Place-Down,Halve,gpt-4-0613,1,No
Place-Down,Halve,gpt-4-0613,2,No
Place-Down,Halve,gpt-4-0613,3,No
Place-Down,Halve,gpt-4-0613,4,No
Place-Down,Halve,gpt-4-0613,5,No
Place-Down,Hold,gpt-3.5-turbo-0301,1,No
Place-Down,Hold,gpt-3.5-turbo-0301,2,No
Place-Down,Hold,gpt-3.5-turbo-0301,3,No
Place-Down,Hold,gpt-3.5-turbo-0301,4,No
Place-Down,Hold,gpt-3.5-turbo-0301,5,No
Place-Down,Hold,gpt-3.5-turbo-0613,1,No
Place-Down,Hold,gpt-3.5-turbo-0613,2,No
Place-Down,Hold,gpt-3.5-turbo-0613,3,No
Place-Down,Hold,gpt-3.5-turbo-0613,4,No
Place-Down,Hold,gpt-3.5-turbo-0613,5,No
Place-Down,Hold,gpt-4-0613,1,No
Place-Down,Hold,gpt-4-0613,2,No
Place-Down,Hold,gpt-4-0613,3,No
Place-Down,Hold,gpt-4-0613,4,No
Place-Down,Hold,gpt-4-0613,5,No
Place-Down,Open,gpt-3.5-turbo-0301,1,No
Place-Down,Open,gpt-3.5-turbo-0301,2,No
Place-Down,Open,gpt-3.5-turbo-0301,3,No
Place-Down,Open,gpt-3.5-turbo-0301,4,No
Place-Down,Open,gpt-3.5-turbo-0301,5,No
Place-Down,Open,gpt-3.5-turbo-0613,1,No
Place-Down,Open,gpt-3.5-turbo-0613,2,No
Place-Down,Open,gpt-3.5-turbo-0613,3,No
Place-Down,Open,gpt-3.5-turbo-0613,4,No
Place-Down,Open,gpt-3.5-turbo-0613,5,No
Place-Down,Open,gpt-4-0613,1,No
Place-Down,Open,gpt-4-0613,2,No
Place-Down,Open,gpt-4-0613,3,No
Place-Down,Open,gpt-4-0613,4,No
Place-Down,Open,gpt-4-0613,5,No
Place-Down,Pick-Up,gpt-3.5-turbo-0301,1,No
Place-Down,Pick-Up,gpt-3.5-turbo-0301,2,No
Place-Down,Pick-Up,gpt-3.5-turbo-0301,3,No
Place-Down,Pick-Up,gpt-3.5-turbo-0301,4,No
Place-Down,Pick-Up,gpt-3.5-turbo-0301,5,No
Place-Down,Pick-Up,gpt-3.5-turbo-0613,1,No
Place-Down,Pick-Up,gpt-3.5-turbo-0613,2,No
Place-Down,Pick-Up,gpt-3.5-turbo-0613,3,No
Place-Down,Pick-Up,gpt-3.5-turbo-0613,4,No
Place-Down,Pick-Up,gpt-3.5-turbo-0613,5,No
Place-Down,Pick-Up,gpt-4-0613,1,No
Place-Down,Pick-Up,gpt-4-0613,2,No
Place-Down,Pick-Up,gpt-4-0613,3,No
Place-Down,Pick-Up,gpt-4-0613,4,No
Place-Down,Pick-Up,gpt-4-0613,5,No
Place-Down,Pour,gpt-3.5-turbo-0301,1,No
Place-Down,Pour,gpt-3.5-turbo-0301,2,No
Place-Down,Pour,gpt-3.5-turbo-0301,3,No
Place-Down,Pour,gpt-3.5-turbo-0301,4,No
Place-Down,Pour,gpt-3.5-turbo-0301,5,No
Place-Down,Pour,gpt-3.5-turbo-0613,1,No
Place-Down,Pour,gpt-3.5-turbo-0613,2,No
Place-Down,Pour,gpt-3.5-turbo-0613,3,No
Place-Down,Pour,gpt-3.5-turbo-0613,4,No
Place-Down,Pour,gpt-3.5-turbo-0613,5,No
Place-Down,Pour,gpt-4-0613,1,Yes
Place-Down,Pour,gpt-4-0613,2,No
Place-Down,Pour,gpt-4-0613,3,No
Place-Down,Pour,gpt-4-0613,4,No
Place-Down,Pour,gpt-4-0613,5,No
Place-Down,Slice,gpt-3.5-turbo-0301,1,No
Place-Down,Slice,gpt-3.5-turbo-0301,2,No
Place-Down,Slice,gpt-3.5-turbo-0301,3,No
Place-Down,Slice,gpt-3.5-turbo-0301,4,No
Place-Down,Slice,gpt-3.5-turbo-0301,5,No
Place-Down,Slice,gpt-3.5-turbo-0613,1,No
Place-Down,Slice,gpt-3.5-turbo-0613,2,No
Place-Down,Slice,gpt-3.5-turbo-0613,3,No
Place-Down,Slice,gpt-3.5-turbo-0613,4,No
Place-Down,Slice,gpt-3.5-turbo-0613,5,No
Place-Down,Slice,gpt-4-0613,1,No
Place-Down,Slice,gpt-4-0613,2,No
Place-Down,Slice,gpt-4-0613,3,No
Place-Down,Slice,gpt-4-0613,4,No
Place-Down,Slice,gpt-4-0613,5,No
Place-Down,Wipe,gpt-3.5-turbo-0301,1,Yes
Place-Down,Wipe,gpt-3.5-turbo-0301,2,Yes
Place-Down,Wipe,gpt-3.5-turbo-0301,3,Yes
Place-Down,Wipe,gpt-3.5-turbo-0301,4,Yes
Place-Down,Wipe,gpt-3.5-turbo-0301,5,Yes
Place-Down,Wipe,gpt-3.5-turbo-0613,1,Yes
Place-Down,Wipe,gpt-3.5-turbo-0613,2,Yes
Place-Down,Wipe,gpt-3.5-turbo-0613,3,Yes
Place-Down,Wipe,gpt-3.5-turbo-0613,4,Yes
Place-Down,Wipe,gpt-3.5-turbo-0613,5,Yes
Place-Down,Wipe,gpt-4-0613,1,Yes
Place-Down,Wipe,gpt-4-0613,2,Yes
Place-Down,Wipe,gpt-4-0613,3,Yes
Place-Down,Wipe,gpt-4-0613,4,Yes
Place-Down,Wipe,gpt-4-0613,5,Yes
Pour,Close,gpt-3.5-turbo-0301,1,No
Pour,Close,gpt-3.5-turbo-0301,2,No
Pour,Close,gpt-3.5-turbo-0301,3,No
Pour,Close,gpt-3.5-turbo-0301,4,No
Pour,Close,gpt-3.5-turbo-0301,5,No
Pour,Close,gpt-3.5-turbo-0613,1,No
Pour,Close,gpt-3.5-turbo-0613,2,No
Pour,Close,gpt-3.5-turbo-0613,3,No
Pour,Close,gpt-3.5-turbo-0613,4,No
Pour,Close,gpt-3.5-turbo-0613,5,No
Pour,Close,gpt-4-0613,1,No
Pour,Close,gpt-4-0613,2,No
Pour,Close,gpt-4-0613,3,No
Pour,Close,gpt-4-0613,4,No
Pour,Close,gpt-4-0613,5,No
Pour,Halve,gpt-3.5-turbo-0301,1,Yes
Pour,Halve,gpt-3.5-turbo-0301,2,Yes
Pour,Halve,gpt-3.5-turbo-0301,3,Yes
Pour,Halve,gpt-3.5-turbo-0301,4,Yes
Pour,Halve,gpt-3.5-turbo-0301,5,Yes
Pour,Halve,gpt-3.5-turbo-0613,1,Yes
Pour,Halve,gpt-3.5-turbo-0613,2,Yes
Pour,Halve,gpt-3.5-turbo-0613,3,Yes
Pour,Halve,gpt-3.5-turbo-0613,4,Yes
Pour,Halve,gpt-3.5-turbo-0613,5,Yes
Pour,Halve,gpt-4-0613,1,No
Pour,Halve,gpt-4-0613,2,Yes
Pour,Halve,gpt-4-0613,3,Yes
Pour,Halve,gpt-4-0613,4,Yes
Pour,Halve,gpt-4-0613,5,Yes
Pour,Hold,gpt-3.5-turbo-0301,1,No
Pour,Hold,gpt-3.5-turbo-0301,2,No
Pour,Hold,gpt-3.5-turbo-0301,3,No
Pour,Hold,gpt-3.5-turbo-0301,4,No
Pour,Hold,gpt-3.5-turbo-0301,5,No
Pour,Hold,gpt-3.5-turbo-0613,1,No
Pour,Hold,gpt-3.5-turbo-0613,2,No
Pour,Hold,gpt-3.5-turbo-0613,3,No
Pour,Hold,gpt-3.5-turbo-0613,4,No
Pour,Hold,gpt-3.5-turbo-0613,5,No
Pour,Hold,gpt-4-0613,1,No
Pour,Hold,gpt-4-0613,2,No
Pour,Hold,gpt-4-0613,3,No
Pour,Hold,gpt-4-0613,4,No
Pour,Hold,gpt-4-0613,5,No
Pour,Open,gpt-3.5-turbo-0301,1,No
Pour,Open,gpt-3.5-turbo-0301,2,No
Pour,Open,gpt-3.5-turbo-0301,3,No
Pour,Open,gpt-3.5-turbo-0301,4,No
Pour,Open,gpt-3.5-turbo-0301,5,No
Pour,Open,gpt-3.5-turbo-0613,1,Yes
Pour,Open,gpt-3.5-turbo-0613,2,Yes
Pour,Open,gpt-3.5-turbo-0613,3,Yes
Pour,Open,gpt-3.5-turbo-0613,4,Yes
Pour,Open,gpt-3.5-turbo-0613,5,Yes
Pour,Open,gpt-4-0613,1,No
Pour,Open,gpt-4-0613,2,No
Pour,Open,gpt-4-0613,3,No
Pour,Open,gpt-4-0613,4,No
Pour,Open,gpt-4-0613,5,No
Pour,Pick-Up,gpt-3.5-turbo-0301,1,No
Pour,Pick-Up,gpt-3.5-turbo-0301,2,No
Pour,Pick-Up,gpt-3.5-turbo-0301,3,No
Pour,Pick-Up,gpt-3.5-turbo-0301,4,No
Pour,Pick-Up,gpt-3.5-turbo-0301,5,No
Pour,Pick-Up,gpt-3.5-turbo-0613,1,Yes
Pour,Pick-Up,gpt-3.5-turbo-0613,2,Yes
Pour,Pick-Up,gpt-3.5-turbo-0613,3,Yes
Pour,Pick-Up,gpt-3.5-turbo-0613,4,Yes
Pour,Pick-Up,gpt-3.5-turbo-0613,5,Yes
Pour,Pick-Up,gpt-4-0613,1,No
Pour,Pick-Up,gpt-4-0613,2,No
Pour,Pick-Up,gpt-4-0613,3,No
Pour,Pick-Up,gpt-4-0613,4,No
Pour,Pick-Up,gpt-4-0613,5,No
Pour,Place-Down,gpt-3.5-turbo-0301,1,No
Pour,Place-Down,gpt-3.5-turbo-0301,2,No
Pour,Place-Down,gpt-3.5-turbo-0301,3,No
Pour,Place-Down,gpt-3.5-turbo-0301,4,No
Pour,Place-Down,gpt-3.5-turbo-0301,5,No
Pour,Place-Down,gpt-3.5-turbo-0613,1,No
Pour,Place-Down,gpt-3.5-turbo-0613,2,No
Pour,Place-Down,gpt-3.5-turbo-0613,3,No
Pour,Place-Down,gpt-3.5-turbo-0613,4,No
Pour,Place-Down,gpt-3.5-turbo-0613,5,No
Pour,Place-Down,gpt-4-0613,1,No
Pour,Place-Down,gpt-4-0613,2,No
Pour,Place-Down,gpt-4-0613,3,No
Pour,Place-Down,gpt-4-0613,4,No
Pour,Place-Down,gpt-4-0613,5,No
Pour,Slice,gpt-3.5-turbo-0301,1,Yes
Pour,Slice,gpt-3.5-turbo-0301,2,Yes
Pour,Slice,gpt-3.5-turbo-0301,3,Yes
Pour,Slice,gpt-3.5-turbo-0301,4,Yes
Pour,Slice,gpt-3.5-turbo-0301,5,Yes
Pour,Slice,gpt-3.5-turbo-0613,1,No
Pour,Slice,gpt-3.5-turbo-0613,2,No
Pour,Slice,gpt-3.5-turbo-0613,3,Yes
Pour,Slice,gpt-3.5-turbo-0613,4,No
Pour,Slice,gpt-3.5-turbo-0613,5,No
Pour,Slice,gpt-4-0613,1,No
Pour,Slice,gpt-4-0613,2,Yes
Pour,Slice,gpt-4-0613,3,Yes
Pour,Slice,gpt-4-0613,4,Yes
Pour,Slice,gpt-4-0613,5,Yes
Pour,Wipe,gpt-3.5-turbo-0301,1,Yes
Pour,Wipe,gpt-3.5-turbo-0301,2,Yes
Pour,Wipe,gpt-3.5-turbo-0301,3,Yes
Pour,Wipe,gpt-3.5-turbo-0301,4,Yes
Pour,Wipe,gpt-3.5-turbo-0301,5,Yes
Pour,Wipe,gpt-3.5-turbo-0613,1,Yes
Pour,Wipe,gpt-3.5-turbo-0613,2,Yes
Pour,Wipe,gpt-3.5-turbo-0613,3,Yes
Pour,Wipe,gpt-3.5-turbo-0613,4,Yes
Pour,Wipe,gpt-3.5-turbo-0613,5,Yes
Pour,Wipe,gpt-4-0613,1,Yes
Pour,Wipe,gpt-4-0613,2,Yes
Pour,Wipe,gpt-4-0613,3,Yes
Pour,Wipe,gpt-4-0613,4,Yes
Pour,Wipe,gpt-4-0613,5,Yes
Slice,Close,gpt-3.5-turbo-0301,1,No
Slice,Close,gpt-3.5-turbo-0301,2,No
Slice,Close,gpt-3.5-turbo-0301,3,No
Slice,Close,gpt-3.5-turbo-0301,4,No
Slice,Close,gpt-3.5-turbo-0301,5,No
Slice,Close,gpt-3.5-turbo-0613,1,No
Slice,Close,gpt-3.5-turbo-0613,2,No
Slice,Close,gpt-3.5-turbo-0613,3,No
Slice,Close,gpt-3.5-turbo-0613,4,No
Slice,Close,gpt-3.5-turbo-0613,5,No
Slice,Close,gpt-4-0613,1,No
Slice,Close,gpt-4-0613,2,No
Slice,Close,gpt-4-0613,3,No
Slice,Close,gpt-4-0613,4,No
Slice,Close,gpt-4-0613,5,No
Slice,Halve,gpt-3.5-turbo-0301,1,Yes
Slice,Halve,gpt-3.5-turbo-0301,2,Yes
Slice,Halve,gpt-3.5-turbo-0301,3,Yes
Slice,Halve,gpt-3.5-turbo-0301,4,Yes
Slice,Halve,gpt-3.5-turbo-0301,5,Yes
Slice,Halve,gpt-3.5-turbo-0613,1,Yes
Slice,Halve,gpt-3.5-turbo-0613,2,Yes
Slice,Halve,gpt-3.5-turbo-0613,3,Yes
Slice,Halve,gpt-3.5-turbo-0613,4,Yes
Slice,Halve,gpt-3.5-turbo-0613,5,Yes
Slice,Halve,gpt-4-0613,1,No
Slice,Halve,gpt-4-0613,2,Yes
Slice,Halve,gpt-4-0613,3,Yes
Slice,Halve,gpt-4-0613,4,Yes
Slice,Halve,gpt-4-0613,5,Yes
Slice,Hold,gpt-3.5-turbo-0301,1,No
Slice,Hold,gpt-3.5-turbo-0301,2,No
Slice,Hold,gpt-3.5-turbo-0301,3,No
Slice,Hold,gpt-3.5-turbo-0301,4,No
Slice,Hold,gpt-3.5-turbo-0301,5,No
Slice,Hold,gpt-3.5-turbo-0613,1,No
Slice,Hold,gpt-3.5-turbo-0613,2,No
Slice,Hold,gpt-3.5-turbo-0613,3,No
Slice,Hold,gpt-3.5-turbo-0613,4,No
Slice,Hold,gpt-3.5-turbo-0613,5,No
Slice,Hold,gpt-4-0613,1,No
Slice,Hold,gpt-4-0613,2,No
Slice,Hold,gpt-4-0613,3,No
Slice,Hold,gpt-4-0613,4,No
Slice,Hold,gpt-4-0613,5,No
Slice,Open,gpt-3.5-turbo-0301,1,No
Slice,Open,gpt-3.5-turbo-0301,2,No
Slice,Open,gpt-3.5-turbo-0301,3,No
Slice,Open,gpt-3.5-turbo-0301,4,No
Slice,Open,gpt-3.5-turbo-0301,5,No
Slice,Open,gpt-3.5-turbo-0613,1,No
Slice,Open,gpt-3.5-turbo-0613,2,No
Slice,Open,gpt-3.5-turbo-0613,3,No
Slice,Open,gpt-3.5-turbo-0613,4,No
Slice,Open,gpt-3.5-turbo-0613,5,No
Slice,Open,gpt-4-0613,1,No
Slice,Open,gpt-4-0613,2,No
Slice,Open,gpt-4-0613,3,No
Slice,Open,gpt-4-0613,4,No
Slice,Open,gpt-4-0613,5,No
Slice,Pick-Up,gpt-3.5-turbo-0301,1,No
Slice,Pick-Up,gpt-3.5-turbo-0301,2,No
Slice,Pick-Up,gpt-3.5-turbo-0301,3,No
Slice,Pick-Up,gpt-3.5-turbo-0301,4,No
Slice,Pick-Up,gpt-3.5-turbo-0301,5,No
Slice,Pick-Up,gpt-3.5-turbo-0613,1,No
Slice,Pick-Up,gpt-3.5-turbo-0613,2,No
Slice,Pick-Up,gpt-3.5-turbo-0613,3,No
Slice,Pick-Up,gpt-3.5-turbo-0613,4,No
Slice,Pick-Up,gpt-3.5-turbo-0613,5,No
Slice,Pick-Up,gpt-4-0613,1,No
Slice,Pick-Up,gpt-4-0613,2,No
Slice,Pick-Up,gpt-4-0613,3,No
Slice,Pick-Up,gpt-4-0613,4,No
Slice,Pick-Up,gpt-4-0613,5,No
Slice,Place-Down,gpt-3.5-turbo-0301,1,No
Slice,Place-Down,gpt-3.5-turbo-0301,2,No
Slice,Place-Down,gpt-3.5-turbo-0301,3,No
Slice,Place-Down,gpt-3.5-turbo-0301,4,No
Slice,Place-Down,gpt-3.5-turbo-0301,5,No
Slice,Place-Down,gpt-3.5-turbo-0613,1,No
Slice,Place-Down,gpt-3.5-turbo-0613,2,No
Slice,Place-Down,gpt-3.5-turbo-0613,3,No
Slice,Place-Down,gpt-3.5-turbo-0613,4,No
Slice,Place-Down,gpt-3.5-turbo-0613,5,No
Slice,Place-Down,gpt-4-0613,1,No
Slice,Place-Down,gpt-4-0613,2,No
Slice,Place-Down,gpt-4-0613,3,No
Slice,Place-Down,gpt-4-0613,4,No
Slice,Place-Down,gpt-4-0613,5,No
Slice,Pour,gpt-3.5-turbo-0301,1,Yes
Slice,Pour,gpt-3.5-turbo-0301,2,Yes
Slice,Pour,gpt-3.5-turbo-0301,3,Yes
Slice,Pour,gpt-3.5-turbo-0301,4,Yes
Slice,Pour,gpt-3.5-turbo-0301,5,Yes
Slice,Pour,gpt-3.5-turbo-0613,1,Yes
Slice,Pour,gpt-3.5-turbo-0613,2,Yes
Slice,Pour,gpt-3.5-turbo-0613,3,Yes
Slice,Pour,gpt-3.5-turbo-0613,4,Yes
Slice,Pour,gpt-3.5-turbo-0613,5,Yes
Slice,Pour,gpt-4-0613,1,Yes
Slice,Pour,gpt-4-0613,2,Yes
Slice,Pour,gpt-4-0613,3,Yes
Slice,Pour,gpt-4-0613,4,Yes
Slice,Pour,gpt-4-0613,5,Yes
Slice,Wipe,gpt-3.5-turbo-0301,1,No
Slice,Wipe,gpt-3.5-turbo-0301,2,No
Slice,Wipe,gpt-3.5-turbo-0301,3,No
Slice,Wipe,gpt-3.5-turbo-0301,4,No
Slice,Wipe,gpt-3.5-turbo-0301,5,No
Slice,Wipe,gpt-3.5-turbo-0613,1,Yes
Slice,Wipe,gpt-3.5-turbo-0613,2,Yes
Slice,Wipe,gpt-3.5-turbo-0613,3,Yes
Slice,Wipe,gpt-3.5-turbo-0613,4,Yes
Slice,Wipe,gpt-3.5-turbo-0613,5,Yes
Slice,Wipe,gpt-4-0613,1,Yes
Slice,Wipe,gpt-4-0613,2,No
Slice,Wipe,gpt-4-0613,3,No
Slice,Wipe,gpt-4-0613,4,No
Slice,Wipe,gpt-4-0613,5,No
Wipe,Close,gpt-3.5-turbo-0301,1,No
Wipe,Close,gpt-3.5-turbo-0301,2,No
Wipe,Close,gpt-3.5-turbo-0301,3,No
Wipe,Close,gpt-3.5-turbo-0301,4,No
Wipe,Close,gpt-3.5-turbo-0301,5,No
Wipe,Close,gpt-3.5-turbo-0613,1,No
Wipe,Close,gpt-3.5-turbo-0613,2,No
Wipe,Close,gpt-3.5-turbo-0613,3,No
Wipe,Close,gpt-3.5-turbo-0613,4,No
Wipe,Close,gpt-3.5-turbo-0613,5,No
Wipe,Close,gpt-4-0613,1,No
Wipe,Close,gpt-4-0613,2,No
Wipe,Close,gpt-4-0613,3,No
Wipe,Close,gpt-4-0613,4,No
Wipe,Close,gpt-4-0613,5,No
Wipe,Halve,gpt-3.5-turbo-0301,1,Yes
Wipe,Halve,gpt-3.5-turbo-0301,2,Yes
Wipe,Halve,gpt-3.5-turbo-0301,3,Yes
Wipe,Halve,gpt-3.5-turbo-0301,4,Yes
Wipe,Halve,gpt-3.5-turbo-0301,5,Yes
Wipe,Halve,gpt-3.5-turbo-0613,1,No
Wipe,Halve,gpt-3.5-turbo-0613,2,No
Wipe,Halve,gpt-3.5-turbo-0613,3,No
Wipe,Halve,gpt-3.5-turbo-0613,4,No
Wipe,Halve,gpt-3.5-turbo-0613,5,No
Wipe,Halve,gpt-4-0613,1,No
Wipe,Halve,gpt-4-0613,2,No
Wipe,Halve,gpt-4-0613,3,Yes
Wipe,Halve,gpt-4-0613,4,Yes
Wipe,Halve,gpt-4-0613,5,Yes
Wipe,Hold,gpt-3.5-turbo-0301,1,No
Wipe,Hold,gpt-3.5-turbo-0301,2,No
Wipe,Hold,gpt-3.5-turbo-0301,3,No
Wipe,Hold,gpt-3.5-turbo-0301,4,No
Wipe,Hold,gpt-3.5-turbo-0301,5,No
Wipe,Hold,gpt-3.5-turbo-0613,1,No
Wipe,Hold,gpt-3.5-turbo-0613,2,No
Wipe,Hold,gpt-3.5-turbo-0613,3,No
Wipe,Hold,gpt-3.5-turbo-0613,4,No
Wipe,Hold,gpt-3.5-turbo-0613,5,No
Wipe,Hold,gpt-4-0613,1,No
Wipe,Hold,gpt-4-0613,2,No
Wipe,Hold,gpt-4-0613,3,No
Wipe,Hold,gpt-4-0613,4,No
Wipe,Hold,gpt-4-0613,5,No
Wipe,Open,gpt-3.5-turbo-0301,1,No
Wipe,Open,gpt-3.5-turbo-0301,2,No
Wipe,Open,gpt-3.5-turbo-0301,3,No
Wipe,Open,gpt-3.5-turbo-0301,4,No
Wipe,Open,gpt-3.5-turbo-0301,5,No
Wipe,Open,gpt-3.5-turbo-0613,1,No
Wipe,Open,gpt-3.5-turbo-0613,2,No
Wipe,Open,gpt-3.5-turbo-0613,3,No
Wipe,Open,gpt-3.5-turbo-0613,4,No
Wipe,Open,gpt-3.5-turbo-0613,5,No
Wipe,Open,gpt-4-0613,1,No
Wipe,Open,gpt-4-0613,2,No
Wipe,Open,gpt-4-0613,3,No
Wipe,Open,gpt-4-0613,4,No
Wipe,Open,gpt-4-0613,5,No
Wipe,Pick-Up,gpt-3.5-turbo-0301,1,No
Wipe,Pick-Up,gpt-3.5-turbo-0301,2,No
Wipe,Pick-Up,gpt-3.5-turbo-0301,3,No
Wipe,Pick-Up,gpt-3.5-turbo-0301,4,No
Wipe,Pick-Up,gpt-3.5-turbo-0301,5,No
Wipe,Pick-Up,gpt-3.5-turbo-0613,1,No
Wipe,Pick-Up,gpt-3.5-turbo-0613,2,No
Wipe,Pick-Up,gpt-3.5-turbo-0613,3,No
Wipe,Pick-Up,gpt-3.5-turbo-0613,4,No
Wipe,Pick-Up,gpt-3.5-turbo-0613,5,No
Wipe,Pick-Up,gpt-4-0613,1,No
Wipe,Pick-Up,gpt-4-0613,2,No
Wipe,Pick-Up,gpt-4-0613,3,No
Wipe,Pick-Up,gpt-4-0613,4,No
Wipe,Pick-Up,gpt-4-0613,5,No
Wipe,Place-Down,gpt-3.5-turbo-0301,1,No
Wipe,Place-Down,gpt-3.5-turbo-0301,2,No
Wipe,Place-Down,gpt-3.5-turbo-0301,3,No
Wipe,Place-Down,gpt-3.5-turbo-0301,4,No
Wipe,Place-Down,gpt-3.5-turbo-0301,5,Yes
Wipe,Place-Down,gpt-3.5-turbo-0613,1,No
Wipe,Place-Down,gpt-3.5-turbo-0613,2,No
Wipe,Place-Down,gpt-3.5-turbo-0613,3,No
Wipe,Place-Down,gpt-3.5-turbo-0613,4,No
Wipe,Place-Down,gpt-3.5-turbo-0613,5,No
Wipe,Place-Down,gpt-4-0613,1,No
Wipe,Place-Down,gpt-4-0613,2,No
Wipe,Place-Down,gpt-4-0613,3,No
Wipe,Place-Down,gpt-4-0613,4,No
Wipe,Place-Down,gpt-4-0613,5,No
Wipe,Pour,gpt-3.5-turbo-0301,1,Yes
Wipe,Pour,gpt-3.5-turbo-0301,2,Yes
Wipe,Pour,gpt-3.5-turbo-0301,3,Yes
Wipe,Pour,gpt-3.5-turbo-0301,4,Yes
Wipe,Pour,gpt-3.5-turbo-0301,5,Yes
Wipe,Pour,gpt-3.5-turbo-0613,1,Yes
Wipe,Pour,gpt-3.5-turbo-0613,2,Yes
Wipe,Pour,gpt-3.5-turbo-0613,3,Yes
Wipe,Pour,gpt-3.5-turbo-0613,4,Yes
Wipe,Pour,gpt-3.5-turbo-0613,5,Yes
Wipe,Pour,gpt-4-0613,1,Yes
Wipe,Pour,gpt-4-0613,2,Yes
Wipe,Pour,gpt-4-0613,3,Yes
Wipe,Pour,gpt-4-0613,4,Yes
Wipe,Pour,gpt-4-0613,5,Yes
Wipe,Slice,gpt-3.5-turbo-0301,1,Yes
Wipe,Slice,gpt-3.5-turbo-0301,2,Yes
Wipe,Slice,gpt-3.5-turbo-0301,3,Yes
Wipe,Slice,gpt-3.5-turbo-0301,4,Yes
Wipe,Slice,gpt-3.5-turbo-0301,5,Yes
Wipe,Slice,gpt-3.5-turbo-0613,1,No
Wipe,Slice,gpt-3.5-turbo-0613,2,No
Wipe,Slice,gpt-3.5-turbo-0613,3,No
Wipe,Slice,gpt-3.5-turbo-0613,4,No
Wipe,Slice,gpt-3.5-turbo-0613,5,No
Wipe,Slice,gpt-4-0613,1,No
Wipe,Slice,gpt-4-0613,2,Yes
Wipe,Slice,gpt-4-0613,3,Yes
Wipe,Slice,gpt-4-0613,4,Yes
Wipe,Slice,gpt-4-0613,5,Yes
